Date,Ticker,Price,PriceChange1D,VolumeChange1D,PriceVsMA21_1D,VolumeVsMA21_1D,Max7DPriceChange,Max7DVolumeChange,Max7DPriceVsMA21,Max7DVolumeVsMA21
2026-04-29,NXPI,289.25,25.55,119.15,1.331,2.976,25.55,119.15,1.331,2.976
2026-04-29,INTC,94.75,12.1,53.4,1.451,1.698,23.6,81.39,1.451,2.376
2026-04-29,URI,952.13,-1.1,-19.13,1.169,0.762,22.92,179.44,1.279,2.984
2026-04-29,TXN,269.22,1.59,-6.7,1.179,1.02,19.43,123.84,1.323,3.759
2026-04-29,GNRC,252.92,16.49,76.76,1.205,2.782,16.49,76.76,1.205,2.782
2026-04-29,ARM,201.69,1.53,-55.04,1.175,0.692,14.76,115.01,1.44,2.349
2026-04-29,CNC,53.98,8.9,3.9,1.38,2.838,13.95,80.92,1.38,2.997
2026-04-29,AMD,337.11,4.3,0.56,1.261,1.083,13.91,78.91,1.399,2.087
2026-04-29,GEV,1063.11,-2.37,-12.02,1.063,1.453,13.75,98.22,1.205,1.793
2026-04-29,WST,295.36,1.11,-32.88,1.083,0.836,12.86,170.69,1.18,3.008
2026-04-29,QCOM,156.0,4.0,48.8,1.157,2.473,11.12,189.72,1.157,3.464
2026-04-29,STX,643.3,11.1,81.89,1.23,2.742,11.1,104.03,1.23,2.742
2026-04-29,MAS,71.26,-4.14,-24.37,1.079,0.775,10.78,36.19,1.188,2.862
2026-04-29,MCHP,90.17,7.01,-5.14,1.178,1.311,9.89,103.83,1.262,2.031
2026-04-29,ON,98.86,5.96,8.52,1.262,1.222,9.88,80.82,1.374,2.236
2026-04-29,SNPS,481.22,-0.55,-25.57,1.1,0.692,9.62,55.1,1.184,1.695
2026-04-29,MSTR,158.19,-4.54,7.65,1.077,0.781,9.39,43.97,1.297,1.612
2026-04-29,BSX,57.15,-2.22,22.25,0.919,1.134,8.99,50.5,1.029,2.281
2026-04-29,UNP,264.78,-1.11,19.52,1.045,1.021,8.77,120.49,1.094,2.755
2026-04-29,SMCI,26.32,-3.41,10.59,1.012,0.839,8.71,88.92,1.177,1.373
2026-04-29,NEM,107.61,-2.08,-44.19,0.941,0.676,8.68,40.15,1.068,1.469
2026-04-29,MU,518.46,2.81,-21.11,1.177,0.818,8.48,65.85,1.237,0.995
2026-04-29,LITE,858.32,8.46,9.26,1.016,1.057,8.46,25.77,1.071,1.057
2026-04-29,SBUX,105.5,8.45,143.13,1.087,3.421,8.45,143.13,1.087,3.421
2026-04-29,SNDK,1064.21,6.17,-22.5,1.212,0.696,8.37,51.25,1.28,0.906
2026-04-29,V,334.86,8.26,88.25,1.081,2.449,8.26,88.25,1.081,2.449
2026-04-29,FFIV,328.15,8.02,-15.98,1.08,1.922,8.02,83.55,1.08,2.428
2026-04-29,GD,338.73,7.99,49.1,1.012,2.195,7.99,53.67,1.012,2.195
2026-04-29,ADP,215.06,7.98,21.79,1.074,1.484,7.98,106.44,1.074,1.484
2026-04-29,NSC,312.12,-1.45,1.68,1.037,0.708,7.75,57.73,1.092,0.997
2026-04-29,CMCSA,26.76,-3.18,35.23,0.942,1.11,7.73,84.27,1.106,2.309
2026-04-29,KDP,28.93,0.49,16.48,1.083,1.227,7.5,41.53,1.108,1.787
2026-04-29,ISRG,453.83,-2.75,11.91,0.98,0.948,7.16,31.31,1.048,2.182
2026-04-29,CEG,297.0,-2.85,3.31,1.025,0.932,7.09,30.42,1.088,1.226
2026-04-29,PM,162.71,-1.92,-10.14,1.013,0.753,6.98,50.5,1.053,1.665
2026-04-29,CSX,44.68,-1.22,-7.15,1.038,0.782,6.95,80.96,1.1,2.021
2026-04-29,NEE,94.17,-2.42,25.27,1.011,1.057,6.94,84.92,1.041,2.059
2026-04-29,BKR,68.81,1.68,-8.51,1.096,0.9,6.9,50.11,1.114,1.846
2026-04-29,BEN,29.45,-0.03,-15.55,1.128,1.801,6.86,74.31,1.143,2.235
2026-04-29,HAS,94.02,-1.59,-21.8,1.01,0.659,6.59,44.13,1.047,2.3
2026-04-29,KLAC,1816.21,0.4,-22.26,1.052,1.201,6.59,35.75,1.161,1.548
2026-04-29,VRSK,188.19,6.53,56.47,1.057,1.916,6.53,56.47,1.057,1.916
2026-04-29,NOW,88.89,-1.77,-20.88,0.935,0.597,6.36,135.49,1.047,3.286
2026-04-29,TMUS,198.17,6.13,-10.97,1.013,1.458,6.13,31.96,1.013,1.949
2026-04-29,BIIB,194.38,6.0,96.37,1.074,1.717,6.0,96.37,1.074,1.717
2026-04-29,TTD,24.37,4.91,86.94,1.092,1.153,5.97,86.94,1.092,1.185
2026-04-29,ALB,190.88,2.13,-20.96,1.021,0.717,5.95,20.63,1.088,1.071
2026-04-29,CDNS,329.95,1.43,-40.34,1.091,1.169,5.9,43.06,1.142,1.988
2026-04-29,ADI,389.31,1.58,-19.77,1.085,0.958,5.89,76.73,1.175,1.394
2026-04-29,IEX,217.34,5.83,61.73,1.08,1.894,5.83,72.09,1.08,1.894
2026-04-29,HUM,243.12,5.83,21.88,1.197,1.884,5.83,118.42,1.197,1.884
2026-04-29,TEAM,70.49,1.12,-20.84,1.052,0.502,5.81,23.62,1.116,1.016
2026-04-29,WDC,412.76,5.57,40.9,1.16,1.431,5.57,40.9,1.216,1.431
2026-04-29,EW,81.22,-1.29,-14.12,1.009,0.915,5.56,89.54,1.049,2.196
2026-04-29,DOV,222.25,-0.84,-53.58,1.024,0.495,5.54,176.66,1.066,2.304
2026-04-29,BA,224.11,-2.86,51.29,1.016,0.892,5.53,108.55,1.096,2.419
2026-04-29,ELV,376.63,3.83,42.97,1.164,1.392,5.51,53.45,1.164,1.852
2026-04-29,VRT,306.18,0.38,-45.92,1.04,0.808,5.44,50.99,1.138,1.768
2026-04-29,AVB,184.37,0.47,-23.57,1.076,1.335,5.29,110.17,1.078,1.767
2026-04-29,COIN,181.73,-6.37,98.46,0.972,1.258,5.25,98.46,1.136,1.363
2026-04-29,MRVL,156.57,2.18,-38.09,1.165,0.542,5.24,20.06,1.354,1.241
2026-04-29,AVGO,405.45,1.41,-54.67,1.076,0.527,5.09,46.23,1.201,1.122
2026-04-29,PSX,173.49,5.06,31.05,1.048,1.228,5.06,31.05,1.048,1.228
2026-04-29,UDR,36.16,-0.14,-18.43,1.042,1.056,4.83,46.25,1.047,1.298
2026-04-29,VST,153.79,-4.55,-4.98,0.975,1.343,4.78,31.49,1.06,1.417
2026-04-29,PKG,216.05,-2.94,-48.29,1.027,0.902,4.77,100.96,1.059,2.324
2026-04-29,NUE,222.39,-1.21,-55.83,1.144,1.005,4.7,153.44,1.181,2.326
2026-04-29,MPWR,1526.84,1.51,7.9,1.104,1.192,4.61,18.59,1.245,1.226
2026-04-29,VLO,251.3,4.59,43.88,1.052,1.153,4.59,43.88,1.052,1.153
2026-04-29,AKAM,99.8,4.58,31.8,0.981,0.773,4.58,31.8,0.981,0.773
2026-04-29,PLTR,137.97,-2.27,29.51,0.969,0.669,4.56,34.22,1.061,1.186
2026-04-29,GPN,70.97,4.54,158.78,1.042,1.698,4.54,158.78,1.051,1.698
2026-04-29,EQR,65.43,0.43,17.98,1.063,1.736,4.54,47.75,1.064,1.736
2026-04-29,VLTO,89.47,4.52,17.16,1.001,1.733,4.52,172.59,1.008,1.768
2026-04-29,LUV,37.22,-2.08,23.33,0.944,0.73,4.5,101.87,1.033,2.152
2026-04-29,WDAY,122.43,1.03,-12.52,0.995,0.656,4.44,94.39,1.029,1.699
2026-04-29,NVDA,209.25,-1.84,-36.69,1.079,0.768,4.32,88.56,1.142,1.402
2026-04-29,APA,40.32,4.32,-7.73,1.037,0.711,4.32,23.57,1.037,0.741
2026-04-29,WELL,212.09,-1.0,22.71,1.025,1.379,4.28,40.72,1.04,1.408
2026-04-29,MDLZ,61.04,4.27,25.54,1.056,1.781,4.27,76.15,1.056,1.781
2026-04-29,RSG,208.31,0.08,-51.15,0.979,0.625,4.26,85.28,0.998,1.246
2026-04-29,CPT,105.32,-0.58,-32.19,1.035,0.852,4.26,38.71,1.045,1.237
2026-04-29,TER,306.33,-19.41,178.52,0.853,3.796,4.26,178.52,1.199,3.796
2026-04-29,SWK,75.89,-3.12,0.64,1.042,1.136,4.2,47.09,1.11,1.655
2026-04-29,IP,33.58,-1.29,-23.46,0.952,0.901,4.2,88.54,0.984,1.525
2026-04-29,EXE,100.99,4.16,91.09,1.02,1.499,4.16,91.09,1.02,1.499
2026-04-29,FCX,56.93,-2.2,-36.47,0.885,0.569,4.13,172.8,1.109,2.358
2026-04-29,CVS,83.9,3.61,-12.35,1.094,0.971,4.09,75.17,1.094,1.248
2026-04-29,DOW,39.55,4.05,24.31,1.01,0.758,4.05,56.68,1.01,1.489
2026-04-29,MAA,129.71,-0.51,23.59,1.037,1.348,3.98,59.77,1.046,1.348
2026-04-29,CVNA,396.59,-2.42,91.31,1.085,1.148,3.96,91.31,1.223,1.148
2026-04-29,MPC,241.81,3.96,36.73,1.057,1.203,3.96,52.78,1.057,1.203
2026-04-29,FSLR,190.61,-2.68,-1.21,0.976,0.849,3.96,32.75,1.014,1.132
2026-04-29,WM,230.31,1.3,11.74,1.006,1.364,3.96,42.33,1.019,1.364
2026-04-29,KO,78.87,0.66,-59.69,1.033,0.898,3.86,94.22,1.033,2.181
2026-04-29,TECH,51.95,-2.92,-16.56,0.933,0.689,3.81,188.41,1.083,1.656
2026-04-29,CRWD,452.38,-0.57,1.28,1.072,0.571,3.8,11.52,1.149,0.981
2026-04-29,TRI,93.29,3.78,-12.95,1.035,0.57,3.78,45.38,1.078,1.499
2026-04-29,GLW,151.9,-0.75,-33.15,0.94,1.276,3.77,86.32,1.113,1.903
2026-04-29,OXY,60.76,3.67,3.95,1.036,0.849,3.67,68.63,1.036,0.849
2026-04-29,SBAC,215.97,-0.74,-5.25,1.018,0.656,3.65,44.49,1.083,0.721
2026-04-29,CF,126.78,3.65,21.13,1.025,0.634,3.65,38.52,1.025,0.835
2026-04-29,LRCX,248.75,-0.99,-17.03,0.99,1.042,3.57,42.05,1.097,1.335
2026-04-29,PANW,181.54,0.3,-35.92,1.071,0.552,3.57,34.08,1.11,0.973
2026-04-29,ADBE,243.57,0.15,-43.23,1.007,0.503,3.54,35.24,1.061,1.835
2026-04-29,VTR,87.37,-0.23,52.95,1.039,2.51,3.53,52.95,1.045,2.51
2026-04-29,SATS,119.78,-3.17,105.08,0.957,1.103,3.51,105.87,1.008,1.237
2026-04-29,ORCL,163.83,-1.28,-40.15,1.017,0.647,3.49,55.98,1.214,1.392
2026-04-29,AMZN,263.04,1.29,34.42,1.095,1.228,3.49,37.57,1.139,1.228
2026-04-29,MA,525.23,3.47,50.71,1.035,1.779,3.47,53.77,1.035,1.779
2026-04-29,EXPE,250.57,3.47,17.98,1.022,1.235,3.47,42.07,1.141,1.235
2026-04-29,NRG,149.01,-3.75,-39.97,0.943,0.506,3.42,18.97,1.02,1.389
2026-04-29,EBAY,103.79,3.42,69.5,1.043,1.367,3.42,69.5,1.1,1.789
2026-04-29,UNH,370.74,1.08,-33.38,1.156,0.772,3.41,46.14,1.185,2.905
2026-04-29,SWKS,62.66,2.76,27.5,1.075,1.206,3.41,48.96,1.113,1.378
2026-04-29,CTRA,35.68,3.03,18.05,1.07,1.448,3.39,55.3,1.07,1.448
2026-04-29,CIEN,475.39,0.36,-41.35,0.995,0.712,3.38,84.25,1.123,1.176
2026-04-29,PAYX,94.05,3.36,22.69,1.034,1.051,3.36,22.69,1.034,1.051
2026-04-29,UHS,167.97,3.34,-11.97,0.938,2.061,3.34,66.67,0.997,2.482
2026-04-29,INVH,28.07,-0.25,-19.68,1.062,1.029,3.34,44.89,1.071,1.28
2026-04-29,DVN,51.08,3.23,21.89,1.071,1.299,3.33,59.34,1.071,1.299
2026-04-29,INTU,395.08,-1.32,-15.66,1.001,0.562,3.3,16.27,1.015,1.159
2026-04-29,STLD,224.37,-1.14,-29.0,1.114,0.707,3.29,33.37,1.206,2.073
2026-04-29,NDAQ,91.27,-0.04,-50.37,1.043,0.754,3.29,70.75,1.048,1.833
2026-04-29,CCI,85.87,-0.35,-19.31,1.002,0.745,3.27,32.37,1.038,1.219
2026-04-29,CAT,810.05,-0.96,20.15,1.038,1.044,3.26,59.78,1.105,1.197
2026-04-29,Q,141.3,2.7,29.25,1.073,1.243,3.26,90.62,1.135,1.821
2026-04-29,AMAT,382.59,0.39,-51.93,0.994,0.888,3.25,83.57,1.106,1.822
2026-04-29,APH,148.38,3.24,43.54,1.044,1.897,3.24,55.51,1.12,1.897
2026-04-29,WRB,66.95,-0.25,-14.25,1.006,0.802,3.21,23.7,1.033,2.131
2026-04-29,PWR,628.6,-0.37,0.86,1.058,1.426,3.2,69.18,1.094,1.426
2026-04-29,ADM,74.27,2.02,9.32,1.052,1.321,3.2,117.61,1.052,1.321
2026-04-29,COP,128.25,3.16,33.45,1.034,1.07,3.16,37.83,1.034,1.344
2026-04-29,LVS,53.72,-1.0,-25.18,0.978,1.01,3.14,103.59,1.053,2.828
2026-04-29,ABBV,203.89,3.14,64.69,0.991,1.541,3.14,64.69,0.991,1.541
2026-04-29,ETR,114.67,1.33,63.1,1.004,1.444,3.12,63.1,1.009,1.743
2026-04-29,CSCO,89.57,3.12,-10.23,1.062,0.861,3.12,24.55,1.097,1.112
2026-04-29,HCA,434.78,0.66,-38.68,0.913,0.937,3.08,212.59,0.98,3.414
2026-04-29,NI,48.18,-0.66,-51.65,1.011,0.952,3.07,80.67,1.023,1.995
2026-04-29,EQT,59.11,-0.52,31.24,1.001,1.057,3.05,31.24,1.002,1.316
2026-04-29,WAB,261.37,-0.69,74.99,0.997,0.988,3.03,74.99,1.045,1.369
2026-04-29,MO,68.2,0.59,4.88,1.032,1.279,3.02,37.14,1.032,1.279
2026-04-29,ROL,55.33,-0.74,-8.41,1.008,0.669,3.02,45.31,1.049,1.909
2026-04-29,SLB,55.7,0.09,-2.04,1.059,0.865,2.99,42.71,1.077,1.443
2026-04-29,AMP,475.38,0.01,-8.88,1.043,0.762,2.96,55.59,1.057,1.804
2026-04-29,CHRW,186.43,-0.81,-27.12,1.061,1.044,2.94,111.17,1.088,1.452
2026-04-29,TRGP,250.14,0.71,33.93,1.033,1.096,2.93,138.94,1.033,1.096
2026-04-29,AWK,131.97,-0.53,44.46,0.983,0.975,2.93,44.46,0.999,0.975
2026-04-29,ATO,185.71,-0.76,-11.4,0.993,0.546,2.92,39.12,1.007,1.095
2026-04-29,SJM,96.8,-1.27,-51.47,1.023,0.955,2.85,125.77,1.037,1.985
2026-04-29,EVRG,81.33,-0.72,3.69,0.991,0.947,2.83,16.85,0.999,1.232
2026-04-29,ANET,168.68,2.05,-16.78,1.096,0.876,2.82,9.31,1.244,1.296
2026-04-29,ASML,1394.08,0.69,-35.72,0.984,0.67,2.81,105.7,1.045,1.383
2026-04-29,CRM,181.22,-0.06,-32.98,1.007,0.433,2.8,55.98,1.049,1.642
2026-04-29,CMI,638.95,-0.54,-19.38,1.047,0.689,2.77,30.39,1.119,1.112
2026-04-29,XOM,154.67,2.73,-3.67,1.006,0.714,2.73,8.84,1.006,0.746
2026-04-29,LIN,504.71,-1.09,-48.46,1.007,0.733,2.72,54.66,1.022,1.386
2026-04-29,KMI,31.84,0.16,-28.4,0.988,0.664,2.71,40.86,0.988,1.502
2026-04-29,JBHT,246.31,-1.98,-0.07,1.052,0.888,2.7,22.82,1.133,1.105
2026-04-29,VZ,46.61,-1.33,-14.81,0.993,0.916,2.7,42.54,1.003,1.444
2026-04-29,APP,443.43,-1.25,-16.91,1.021,0.57,2.68,23.63,1.144,0.995
2026-04-29,DTE,147.03,-1.04,-29.98,0.999,0.832,2.67,56.59,1.009,1.949
2026-04-29,VRSN,272.6,0.81,-42.97,1.014,0.47,2.64,65.31,1.045,1.811
2026-04-29,FANG,205.32,2.63,14.49,1.072,0.691,2.63,25.73,1.072,0.75
2026-04-29,AAPL,270.17,-0.2,-39.74,1.024,0.589,2.63,14.24,1.054,1.195
2026-04-29,AEP,134.44,-0.85,22.21,1.004,1.201,2.63,42.98,1.016,1.201
2026-04-29,PNW,101.67,-1.41,-35.55,0.991,0.77,2.63,27.31,1.014,1.182
2026-04-29,PYPL,50.94,2.62,87.44,1.057,1.443,2.62,87.44,1.093,1.443
2026-04-29,REGN,686.36,-6.21,222.1,0.912,2.549,2.6,222.1,1.013,2.549
2026-04-29,CI,292.32,2.6,-2.27,1.059,1.269,2.6,24.79,1.059,1.342
2026-04-29,D,62.5,-0.62,65.55,0.999,1.739,2.58,65.55,1.005,1.739
2026-04-29,UPS,106.61,2.57,-50.56,1.034,1.186,2.57,90.85,1.064,2.421
2026-04-29,ETN,410.77,-0.56,-23.05,1.036,0.883,2.57,32.67,1.101,1.327
2026-04-29,ES,68.72,0.2,15.34,0.996,1.007,2.57,15.54,1.0,1.007
2026-04-29,AEE,111.29,-0.81,-32.22,0.997,0.611,2.57,37.1,1.009,1.339
2026-04-29,SCHW,91.16,0.36,-39.03,0.975,0.476,2.55,65.76,0.975,1.559
2026-04-29,MGM,39.27,-1.18,11.28,1.028,1.271,2.55,72.59,1.071,1.685
2026-04-29,LYB,73.29,2.53,139.53,0.994,1.076,2.53,139.53,0.994,1.076
2026-04-29,MRNA,45.72,-3.01,50.08,0.89,0.97,2.53,50.08,1.071,1.062
2026-04-29,CNP,42.82,-0.72,-18.6,0.994,0.953,2.52,28.87,1.004,1.776
2026-04-29,HAL,41.81,2.45,4.36,1.083,0.801,2.52,4.36,1.083,1.378
2026-04-29,KHC,22.42,-0.22,26.27,0.998,1.011,2.51,33.78,1.0,1.093
2026-04-29,INSM,135.03,0.07,9.55,0.902,0.777,2.48,117.0,0.95,1.113
2026-04-29,PG,146.46,-1.82,7.17,1.017,0.983,2.46,56.0,1.037,1.553
2026-04-29,EOG,139.12,2.46,-13.73,1.025,0.737,2.46,50.28,1.025,1.104
2026-04-29,DDOG,133.98,1.85,3.67,1.099,0.768,2.46,32.5,1.108,1.313
2026-04-29,FE,48.94,-1.29,-0.02,0.973,1.153,2.46,16.93,0.984,1.989
2026-04-29,CBRE,142.51,-3.01,55.48,0.986,1.075,2.45,55.48,1.085,2.298
2026-04-29,XYZ,69.46,-0.12,8.69,1.045,0.952,2.43,12.93,1.139,1.156
2026-04-29,T,25.75,-1.19,-25.18,0.968,0.599,2.42,34.22,0.982,1.542
2026-04-29,META,669.12,-0.33,59.53,1.045,1.12,2.41,59.53,1.099,1.12
2026-04-29,PFG,99.63,-0.43,-13.41,1.052,0.816,2.41,43.97,1.068,1.711
2026-04-29,PHM,120.71,-3.38,36.75,0.983,1.046,2.41,36.75,1.08,1.671
2026-04-29,GEHC,59.49,-13.16,361.04,0.834,5.53,2.4,361.04,1.002,5.53
2026-04-29,IVZ,25.64,-0.85,-38.35,1.044,1.002,2.36,42.68,1.059,1.662
2026-04-29,ADSK,235.87,0.43,-27.65,0.997,0.656,2.35,59.98,1.046,1.259
2026-04-29,LNT,72.0,-0.63,0.72,0.994,0.964,2.35,22.22,1.008,1.175
2026-04-29,APD,302.5,-0.28,27.1,1.019,0.925,2.32,27.1,1.032,0.925
2026-04-29,OKE,89.32,-0.52,28.62,1.029,1.378,2.32,71.41,1.032,1.378
2026-04-29,NTRS,164.83,-1.24,75.62,1.056,1.805,2.32,75.62,1.16,2.732
2026-04-29,TROW,100.47,-0.3,9.56,1.054,1.211,2.32,32.92,1.081,1.211
2026-04-29,HOOD,71.2,-13.24,152.95,0.908,2.251,2.31,152.95,1.172,2.251
2026-04-29,CB,325.75,-1.39,37.16,0.992,1.412,2.29,37.16,1.016,1.467
2026-04-29,ITW,265.67,-1.04,50.25,0.993,1.394,2.26,50.25,1.028,1.394
2026-04-29,LYV,153.13,-1.05,-17.8,0.971,0.495,2.24,83.01,1.0,0.917
2026-04-29,KEYS,335.46,0.95,-53.16,1.038,0.686,2.23,83.54,1.11,1.673
2026-04-29,DUK,126.51,-1.01,-15.23,0.979,0.604,2.23,7.39,0.987,0.887
2026-04-29,SO,93.51,-0.95,17.6,0.982,1.101,2.22,36.85,0.99,1.101
2026-04-29,REG,79.38,-1.16,-10.86,1.007,1.119,2.2,30.88,1.038,1.279
2026-04-29,GOOG,347.31,-0.05,13.86,1.071,1.253,2.2,35.85,1.099,1.253
2026-04-29,ARE,41.05,1.58,-37.63,0.908,1.427,2.2,153.35,1.045,2.344
2026-04-29,IBM,227.1,-2.55,24.26,0.94,1.021,2.19,118.27,1.049,3.933
2026-04-29,CMS,74.73,-1.57,-30.89,0.965,1.164,2.19,39.76,0.988,1.706
2026-04-29,HWM,236.52,-1.63,-50.99,0.964,0.659,2.19,77.96,1.019,1.816
2026-04-29,GE,283.57,-1.95,16.35,0.96,1.434,2.19,61.46,0.981,2.191
2026-04-29,LULU,138.16,-2.97,28.92,0.881,1.239,2.18,384.6,1.047,4.609
2026-04-29,UBER,74.47,0.49,-17.57,1.006,0.84,2.18,32.11,1.057,1.349
2026-04-29,STT,150.7,-1.17,27.04,1.059,0.973,2.18,27.04,1.144,1.719
2026-04-29,ZS,134.73,-0.98,-38.37,1.007,0.475,2.18,23.92,1.059,1.011
2026-04-29,YUM,159.84,2.16,4.91,1.004,2.008,2.16,138.03,1.012,2.03
2026-04-29,MET,78.96,0.87,2.91,1.048,0.915,2.16,27.39,1.062,1.026
2026-04-29,FTNT,86.11,0.45,-21.44,1.043,0.553,2.15,21.94,1.073,0.98
2026-04-29,MSFT,424.46,-1.12,2.56,1.061,0.959,2.13,30.4,1.121,1.126
2026-04-29,GRMN,253.08,2.13,26.78,0.992,1.787,2.13,31.66,1.066,1.787
2026-04-29,GOOGL,349.94,0.05,6.66,1.073,1.174,2.12,41.69,1.098,1.174
2026-04-29,MNST,76.89,-0.39,-24.55,1.02,0.666,2.12,18.03,1.048,1.154
2026-04-29,INCY,99.1,1.39,-11.39,1.031,1.581,2.11,92.33,1.031,1.828
2026-04-29,PEG,79.59,-1.33,67.61,0.981,1.048,2.1,67.61,0.994,1.058
2026-04-29,SW,39.68,-2.17,-37.53,0.971,0.945,2.09,49.9,1.012,1.494
2026-04-29,HPQ,20.14,2.08,19.19,1.035,0.884,2.08,34.69,1.099,1.4
2026-04-29,RCL,254.01,-0.73,101.0,0.933,1.689,2.08,101.0,0.985,1.689
2026-04-29,CAH,202.82,-1.36,9.47,0.966,1.108,2.08,61.03,0.979,1.666
2026-04-29,TRV,302.25,-2.51,14.59,1.008,0.978,2.07,42.6,1.035,1.649
2026-04-29,OTIS,76.6,-0.98,-11.02,0.968,1.036,2.07,80.1,1.005,2.219
2026-04-29,DE,560.02,-0.68,-28.84,0.96,0.573,2.06,26.03,1.013,0.926
2026-04-29,CVX,192.22,2.05,-20.09,1.008,0.743,2.05,44.01,1.008,0.922
2026-04-29,PH,947.5,-1.53,-15.93,0.989,0.807,2.04,30.16,1.035,1.186
2026-04-29,LLY,851.21,-2.61,28.55,0.929,1.119,2.04,107.69,1.001,1.532
2026-04-29,PPL,38.66,-0.85,-17.9,0.994,0.697,2.01,21.72,1.003,1.476
2026-04-29,JNJ,227.35,-0.19,-4.11,0.967,0.907,2.01,30.17,0.97,1.551
2026-04-29,WMB,73.32,0.38,-11.35,1.018,0.954,2.0,60.13,1.018,1.098
2026-04-29,CDW,135.56,1.99,95.68,1.038,0.979,1.99,95.68,1.121,1.851
2026-04-29,BKNG,173.98,0.35,12.37,0.975,1.675,1.98,118.9,1.083,1.675
2026-04-29,PSA,294.09,-1.03,-17.66,0.993,1.238,1.97,52.8,1.079,1.524
2026-04-29,AME,227.87,-0.47,8.08,0.995,1.733,1.97,98.06,1.044,1.733
2026-04-29,ED,108.88,-0.68,-40.18,0.977,0.557,1.96,24.91,0.985,0.911
2026-04-29,BXP,57.6,-2.64,-23.62,1.042,1.041,1.95,27.7,1.094,1.352
2026-04-29,CCL,25.58,-2.74,66.7,0.941,1.037,1.95,66.7,1.023,1.038
2026-04-29,COHR,304.93,0.32,5.52,1.005,1.191,1.94,17.42,1.222,1.191
2026-04-29,EXC,47.02,-0.04,152.93,0.983,1.409,1.94,152.93,0.983,1.409
2026-04-29,FOXA,62.94,-0.33,-20.95,1.009,0.485,1.94,21.19,1.07,1.134
2026-04-29,WEC,114.51,-1.1,-1.1,0.988,0.739,1.93,31.13,0.998,1.373
2026-04-29,UAL,88.62,-1.98,17.3,0.942,0.685,1.92,51.68,1.032,1.719
2026-04-29,DHR,178.8,-0.1,17.22,0.943,1.285,1.9,72.49,1.015,2.305
2026-04-29,DHI,151.65,-3.04,35.79,1.021,0.802,1.89,35.79,1.142,2.182
2026-04-29,BLK,1039.38,-0.99,-6.61,1.02,0.556,1.88,45.53,1.065,0.832
2026-04-29,FDS,232.32,1.2,30.06,1.021,0.675,1.88,30.06,1.101,0.85
2026-04-29,STE,212.65,-3.23,64.66,0.959,1.307,1.87,64.66,1.007,1.816
2026-04-29,BG,126.31,-0.04,20.03,1.011,1.414,1.87,124.64,1.011,1.414
2026-04-29,EL,75.69,-1.83,-17.61,1.017,0.762,1.86,37.94,1.063,0.903
2026-04-29,DELL,205.66,-0.13,-18.86,1.073,0.545,1.86,25.96,1.177,1.073
2026-04-29,TXT,89.78,1.86,137.15,0.998,1.902,1.86,137.15,1.01,1.902
2026-04-29,SOLV,66.49,-1.51,-17.13,0.99,0.718,1.84,72.89,1.045,0.866
2026-04-29,HSY,189.16,0.66,37.03,0.959,1.253,1.83,50.13,0.959,1.264
2026-04-29,ABT,91.33,-2.7,-22.5,0.936,0.739,1.83,18.76,0.957,1.535
2026-04-29,BAX,16.9,-5.8,58.23,0.958,2.157,1.82,58.23,1.075,2.157
2026-04-29,CHD,96.2,-0.91,-25.93,1.016,0.776,1.81,37.04,1.027,1.141
2026-04-29,GL,152.54,-0.09,-37.86,1.029,0.771,1.8,12.25,1.06,1.335
2026-04-29,RF,28.01,-1.13,-38.19,1.013,0.431,1.8,11.1,1.055,0.729
2026-04-29,MSCI,598.13,0.56,-18.04,1.056,0.9,1.78,41.05,1.103,2.776
2026-04-29,CL,84.49,-1.38,-42.68,1.006,0.617,1.78,26.16,1.019,1.012
2026-04-29,DPZ,332.31,-2.39,-2.63,0.912,1.569,1.77,196.28,1.015,4.169
2026-04-29,AMT,178.19,-0.12,-50.82,1.01,0.707,1.77,47.2,1.026,1.418
2026-04-29,XEL,78.82,-0.83,-8.13,0.984,0.818,1.75,20.22,0.994,1.266
2026-04-29,TT,479.37,-0.29,-9.95,1.037,1.02,1.75,49.38,1.082,1.138
2026-04-29,FDX,388.59,-0.42,8.79,1.03,0.886,1.75,23.61,1.077,0.918
2026-04-29,CBOE,305.6,0.65,3.4,1.025,0.868,1.74,11.71,1.031,1.173
2026-04-29,TKO,183.71,-0.47,-12.34,0.959,0.489,1.73,43.7,0.968,0.876
2026-04-29,ALLE,137.37,-0.36,-51.74,0.956,1.315,1.72,94.33,1.028,2.809
2026-04-29,DVA,151.99,1.28,76.31,1.013,1.268,1.71,76.31,1.028,1.268
2026-04-29,XYL,115.4,-2.13,-20.9,0.936,1.037,1.69,34.43,1.002,1.339
2026-04-29,IRM,114.52,1.69,-19.31,1.026,1.07,1.69,18.15,1.098,1.335
2026-04-29,CTAS,173.95,-0.15,-11.07,0.995,0.771,1.69,64.44,1.021,0.983
2026-04-29,POOL,209.61,-3.08,-27.65,0.962,0.972,1.69,39.12,1.102,1.755
2026-04-29,FOX,56.62,0.07,-17.41,1.011,0.429,1.69,18.43,1.063,0.612
2026-04-29,HIG,136.64,-1.55,-16.24,0.992,0.959,1.68,95.93,1.018,1.951
2026-04-29,SRE,92.64,-0.28,-26.64,0.968,0.61,1.66,62.07,0.976,1.428
2026-04-29,IDXX,553.66,-2.58,10.53,0.966,1.101,1.64,72.64,1.008,1.255
2026-04-29,PSKY,10.34,-1.71,-37.14,0.958,0.493,1.64,58.76,1.137,0.831
2026-04-29,HPE,28.3,1.25,-13.68,1.083,0.705,1.63,35.71,1.156,1.203
2026-04-29,L,111.21,-1.03,-23.96,1.011,0.933,1.6,42.4,1.032,1.215
2026-04-29,VMC,296.08,1.59,39.58,1.024,1.759,1.59,66.49,1.032,1.759
2026-04-29,BR,160.75,1.21,26.63,1.009,0.781,1.58,48.44,1.009,0.823
2026-04-29,VTRS,14.97,1.01,3.0,1.062,1.214,1.58,55.95,1.077,1.678
2026-04-29,WMT,128.01,0.33,0.83,1.008,0.985,1.58,6.33,1.048,1.039
2026-04-29,KR,67.1,0.25,4.51,0.972,1.176,1.56,23.62,0.986,1.176
2026-04-29,MCO,460.11,0.46,-15.66,1.026,1.043,1.55,46.01,1.057,1.633
2026-04-29,STZ,150.4,-3.21,26.42,0.954,0.867,1.55,49.39,1.014,0.936
2026-04-29,CFG,64.4,-0.91,-31.62,1.009,0.659,1.55,52.6,1.053,1.222
2026-04-29,CARR,61.74,-0.42,36.74,1.026,1.361,1.54,36.74,1.05,1.361
2026-04-29,HRL,20.86,-2.11,31.31,0.982,0.926,1.54,31.31,1.012,0.959
2026-04-29,FIS,46.22,-0.17,-14.2,0.991,0.577,1.54,17.7,1.017,0.744
2026-04-29,MRK,110.95,0.84,36.4,0.946,1.081,1.53,36.4,0.965,1.38
2026-04-29,AXP,315.65,-0.08,-52.39,0.993,0.954,1.52,138.99,1.063,1.974
2026-04-29,FTV,61.75,-0.03,25.25,1.039,1.402,1.51,59.93,1.062,1.706
2026-04-29,GDDY,85.76,0.54,27.62,1.025,1.577,1.5,53.69,1.075,1.577
2026-04-29,MDT,79.37,-3.09,9.07,0.93,1.307,1.49,49.05,0.971,1.307
2026-04-29,IR,77.46,-4.59,-1.5,0.93,1.454,1.49,49.43,1.024,1.503
2026-04-29,DLTR,95.7,-2.57,-17.46,0.925,0.88,1.47,131.81,0.99,1.715
2026-04-29,MKC,50.54,-1.17,-35.45,0.983,0.389,1.47,87.47,1.005,0.714
2026-04-29,PRU,96.42,-0.51,20.35,0.988,1.207,1.46,20.35,0.994,2.195
2026-04-29,ZBH,80.07,-3.3,-46.64,0.871,2.124,1.46,292.35,1.012,4.25
2026-04-29,WFC,81.51,0.01,12.66,0.996,1.021,1.44,30.45,1.004,1.243
2026-04-29,ROK,400.2,-0.27,-12.1,1.014,0.735,1.43,74.47,1.077,1.256
2026-04-29,FAST,43.71,-2.17,10.15,0.958,0.831,1.43,36.0,0.996,0.849
2026-04-29,TTWO,215.34,1.09,6.78,1.04,0.67,1.43,39.16,1.08,0.977
2026-04-29,COF,190.84,-0.66,18.28,0.984,0.79,1.42,33.66,1.063,1.433
2026-04-29,PEP,155.29,-0.64,-22.47,0.997,0.683,1.42,26.91,1.003,1.004
2026-04-29,DRI,196.29,-0.11,8.06,0.999,0.627,1.41,43.63,1.032,1.363
2026-04-29,KKR,99.32,-2.05,21.32,1.011,0.682,1.41,61.11,1.109,0.868
2026-04-29,APO,122.28,-1.04,-39.14,1.048,0.541,1.41,32.58,1.138,1.023
2026-04-29,ACN,180.26,1.41,16.09,0.951,0.992,1.41,80.98,1.005,1.423
2026-04-29,AFL,116.21,-0.07,31.44,1.028,1.154,1.4,31.44,1.047,1.306
2026-04-29,PNR,80.84,-2.44,-50.62,0.913,1.739,1.4,95.33,1.039,3.698
2026-04-29,MTB,215.54,-0.91,-1.1,0.995,0.931,1.4,53.8,1.03,1.037
2026-04-29,EIX,67.94,0.0,-5.56,0.951,0.883,1.38,32.14,0.98,1.126
2026-04-29,AXON,400.54,-1.42,50.28,1.015,1.013,1.38,50.28,1.028,1.109
2026-04-29,LHX,321.4,-1.07,-15.4,0.931,1.0,1.38,36.35,0.968,1.827
2026-04-29,SYF,75.12,-1.48,-40.32,1.015,0.684,1.37,5.31,1.097,1.916
2026-04-29,JCI,141.35,-0.17,-43.9,1.017,0.522,1.37,38.03,1.04,1.005
2026-04-29,PCAR,118.14,-1.23,-45.31,0.957,1.181,1.36,53.51,1.045,2.203
2026-04-29,FITB,49.79,-1.03,1.67,1.008,0.607,1.35,11.11,1.067,0.811
2026-04-29,ACGL,92.72,-4.47,68.36,0.957,1.571,1.34,68.36,1.027,1.571
2026-04-29,RTX,172.79,-1.65,-20.72,0.902,0.974,1.33,67.03,0.954,2.188
2026-04-29,MOS,23.03,-0.69,-32.47,0.93,0.75,1.32,54.87,0.974,1.425
2026-04-29,LDOS,145.91,-0.16,-9.78,0.948,0.964,1.32,38.6,0.975,1.291
2026-04-29,IT,150.23,0.07,-52.4,0.985,0.512,1.31,73.14,1.033,1.105
2026-04-29,SHOP,121.26,-0.65,2.69,0.991,0.686,1.29,36.33,1.098,1.078
2026-04-29,DXCM,57.56,-2.97,17.15,0.919,1.567,1.29,65.56,0.996,1.567
2026-04-29,KEY,21.67,-1.32,19.22,1.01,0.73,1.29,68.36,1.061,0.993
2026-04-29,PGR,200.66,-1.17,-26.43,1.003,0.531,1.29,9.08,1.037,1.013
2026-04-29,O,63.29,-0.41,-7.61,1.0,0.93,1.27,14.74,1.025,1.241
2026-04-29,ODFL,209.35,-5.6,99.29,0.991,2.464,1.27,99.29,1.109,2.464
2026-04-29,GM,76.62,-2.95,-38.83,0.993,1.451,1.27,80.73,1.037,2.408
2026-04-29,IBKR,77.05,-0.57,38.16,1.03,1.155,1.27,38.16,1.111,1.605
2026-04-29,FRT,110.61,-1.58,-9.18,1.011,0.73,1.24,34.99,1.039,0.807
2026-04-29,PFE,26.26,-0.83,-48.57,0.963,0.865,1.24,67.07,0.995,1.644
2026-04-29,CRL,163.84,-1.77,-31.23,0.936,0.535,1.23,94.58,1.064,1.43
2026-04-29,CASY,781.5,-0.4,-22.56,1.029,0.322,1.23,39.23,1.069,0.473
2026-04-29,KMB,96.1,-2.38,-19.14,0.989,1.107,1.22,107.42,1.013,1.484
2026-04-29,GEN,19.14,-0.57,-6.02,0.997,0.956,1.22,48.19,1.042,1.036
2026-04-29,JKHY,153.75,0.62,-0.56,0.998,0.74,1.19,12.97,1.004,1.286
2026-04-29,CCEP,93.75,-3.59,-41.28,0.978,0.833,1.19,58.39,1.029,1.36
2026-04-29,GS,905.6,-2.26,14.58,1.002,0.862,1.18,22.78,1.064,0.862
2026-04-29,EQIX,1089.07,1.18,-17.84,1.031,1.3,1.18,36.91,1.08,1.575
2026-04-29,GILD,128.84,-0.32,-17.13,0.943,0.918,1.18,54.12,0.968,1.51
2026-04-29,KIM,23.64,-0.67,15.35,1.013,1.007,1.15,32.18,1.034,1.227
2026-04-29,CINF,163.22,-1.05,-53.2,1.0,0.647,1.15,46.62,1.041,1.384
2026-04-29,OMC,76.19,-0.9,3.75,0.996,1.641,1.14,92.18,1.026,1.641
2026-04-29,BRK-B,475.38,-0.58,-36.04,0.999,0.694,1.13,26.73,1.005,1.319
2026-04-29,ALL,212.33,-1.88,-12.99,0.997,0.85,1.12,33.06,1.027,1.143
2026-04-29,MS,187.08,-1.72,24.19,1.031,0.861,1.12,24.19,1.091,0.861
2026-04-29,BAC,52.88,0.42,23.89,1.013,0.775,1.11,32.61,1.052,0.93
2026-04-29,VICI,28.6,-0.17,81.5,1.014,1.707,1.1,81.5,1.023,1.707
2026-04-29,JPM,309.25,-0.71,6.2,1.007,0.933,1.09,51.96,1.042,0.933
2026-04-29,PLD,138.82,-1.91,-17.37,1.001,0.897,1.08,43.32,1.047,1.163
2026-04-29,ABNB,140.28,0.89,-17.56,1.039,1.066,1.07,87.67,1.094,1.301
2026-04-29,PDD,97.67,0.39,-6.05,0.969,0.555,1.07,35.75,0.988,1.408
2026-04-29,CAG,14.23,-0.28,6.53,0.957,0.955,1.06,31.55,0.965,1.057
2026-04-29,HST,21.06,0.57,23.3,1.035,1.075,1.06,52.49,1.069,1.075
2026-04-29,COST,998.67,0.47,-15.05,0.996,0.839,1.06,29.25,1.015,0.972
2026-04-29,EXR,140.53,-0.35,-21.29,1.008,1.596,1.06,121.91,1.055,2.108
2026-04-29,TSN,63.58,-0.83,37.66,0.987,1.36,1.05,37.66,1.015,1.36
2026-04-29,NWS,30.25,0.36,-23.58,1.032,0.59,1.05,156.49,1.072,1.114
2026-04-29,CLX,94.77,-1.89,23.57,0.94,1.595,1.04,42.23,0.972,1.595
2026-04-29,KVUE,17.23,-1.77,-23.17,0.993,0.749,1.04,355.38,1.011,1.677
2026-04-29,ALNY,301.19,-0.3,57.52,0.945,1.472,1.03,57.52,0.974,1.472
2026-04-29,NKE,44.39,-1.42,6.43,0.986,0.448,1.01,6.43,0.993,0.76
2026-04-29,ARES,110.86,-1.9,-33.14,0.999,0.604,1.01,93.05,1.106,0.927
2026-04-29,COR,311.43,-0.18,-33.77,0.981,0.595,1.0,27.48,0.982,1.533
2026-04-29,IQV,156.66,-1.46,-15.48,0.921,0.907,1.0,66.78,1.028,1.532
2026-04-29,SPGI,433.19,-0.06,-26.03,0.999,1.047,0.99,37.98,1.05,1.422
2026-04-29,SYY,73.97,0.82,-39.25,0.998,0.764,0.99,48.3,1.027,1.096
2026-04-29,PTC,137.5,0.28,-24.79,0.988,0.981,0.99,62.15,1.002,1.309
2026-04-29,RMD,211.93,-2.4,-15.89,0.944,1.286,0.99,64.61,0.987,1.545
2026-04-29,TFC,50.65,-0.98,-7.85,1.021,0.763,0.99,18.61,1.067,0.902
2026-04-29,NFLX,92.12,-0.16,-23.58,0.941,0.604,0.98,12.49,0.951,1.406
2026-04-29,SPG,200.09,-1.31,-29.54,1.007,0.738,0.98,33.76,1.062,1.018
2026-04-29,VRTX,423.24,-1.6,30.82,0.967,0.97,0.97,45.09,0.991,0.97
2026-04-29,BLDR,83.38,-5.38,121.18,0.971,2.11,0.97,121.18,1.074,2.11
2026-04-29,EXPD,148.79,0.96,-8.91,1.016,0.919,0.96,20.57,1.044,1.014
2026-04-29,BX,119.83,-1.39,-4.32,0.989,0.893,0.96,72.86,1.096,1.447
2026-04-29,CME,287.27,0.96,8.33,0.977,0.825,0.96,25.04,0.977,1.469
2026-04-29,ECL,256.61,-3.88,-30.21,0.952,1.116,0.94,66.91,1.008,1.6
2026-04-29,WY,24.25,-2.3,40.89,0.983,1.334,0.93,58.58,1.022,1.334
2026-04-29,AVY,162.95,-2.13,-45.12,0.961,1.003,0.92,67.94,0.996,1.83
2026-04-29,JBL,333.86,0.92,-47.02,1.085,0.71,0.92,78.7,1.161,1.319
2026-04-29,CRH,113.44,-0.87,5.73,0.997,1.012,0.92,66.4,1.063,1.226
2026-04-29,CMG,32.99,0.37,29.75,0.967,1.899,0.91,44.07,1.071,1.899
2026-04-29,C,127.61,-0.72,21.88,1.016,1.019,0.91,55.71,1.092,1.019
2026-04-29,CTSH,54.7,-0.76,-5.02,0.923,1.413,0.9,62.49,0.996,1.731
2026-04-29,RJF,155.58,-0.07,-57.69,1.037,0.515,0.9,56.36,1.052,2.206
2026-04-29,F,12.24,-1.29,0.64,0.998,1.22,0.89,28.74,1.063,1.22
2026-04-29,NWSA,26.24,0.31,-19.96,1.031,0.739,0.87,49.87,1.067,0.905
2026-04-29,ZTS,113.83,-2.42,14.21,0.963,1.053,0.86,28.97,1.003,1.435
2026-04-29,DD,44.62,-1.57,5.21,0.962,0.896,0.85,5.21,1.011,1.085
2026-04-29,BMY,57.59,-1.15,19.34,0.978,0.831,0.83,56.83,1.011,1.118
2026-04-29,MCK,822.63,-1.48,-2.76,0.962,1.05,0.83,35.03,0.975,1.716
2026-04-29,AON,322.49,0.25,-12.9,0.991,0.921,0.82,64.07,1.031,1.054
2026-04-29,MCD,290.08,-0.79,-45.27,0.955,0.74,0.82,29.55,0.986,1.639
2026-04-29,GIS,34.47,-0.81,-36.13,0.971,0.83,0.8,72.11,0.993,1.274
2026-04-29,WSM,181.18,-3.32,7.06,0.956,0.856,0.79,16.97,1.085,1.04
2026-04-29,HBAN,16.31,-1.45,11.42,0.992,0.866,0.79,125.47,1.056,1.633
2026-04-29,MMM,143.87,-1.48,0.76,0.972,1.063,0.79,24.58,1.004,2.268
2026-04-29,AMGN,338.02,-0.46,5.18,0.973,1.014,0.78,20.56,0.997,1.076
2026-04-29,DECK,101.34,-4.56,84.41,0.954,1.467,0.76,84.41,1.062,1.467
2026-04-29,SHW,317.85,-1.98,-14.2,0.961,1.274,0.75,42.24,1.027,1.491
2026-04-29,MSI,429.23,-1.27,-11.39,0.976,0.966,0.73,28.03,1.007,1.081
2026-04-29,BALL,60.29,-1.86,-57.09,0.973,0.709,0.72,76.93,1.035,1.586
2026-04-29,FISV,62.02,0.68,17.07,1.041,0.866,0.71,20.84,1.093,0.866
2026-04-29,BK,132.27,-0.95,-5.26,1.019,0.701,0.71,42.12,1.102,1.13
2026-04-29,USB,56.17,-0.07,25.36,1.013,1.015,0.7,25.36,1.053,1.015
2026-04-29,TSLA,372.8,-0.86,-15.04,1.005,0.631,0.69,50.68,1.047,1.356
2026-04-29,PCG,16.37,0.68,-28.67,0.942,0.75,0.68,35.17,0.965,1.59
2026-04-29,PPG,104.69,-2.78,3.74,0.961,1.031,0.68,24.88,1.033,1.031
2026-04-29,CPB,20.45,-0.44,11.41,0.977,0.828,0.67,31.42,0.997,1.155
2026-04-29,EFX,172.56,0.5,4.98,0.947,0.676,0.67,5.18,1.054,1.722
2026-04-29,PODD,160.02,-12.5,241.45,0.813,4.072,0.67,241.45,0.947,4.072
2026-04-29,PNC,218.71,-0.99,-3.53,0.998,0.73,0.67,26.61,1.067,1.312
2026-04-29,WYNN,104.24,-1.85,24.64,0.993,0.989,0.65,75.75,1.042,1.2
2026-04-29,TMO,466.26,-0.84,-39.53,0.935,0.678,0.64,218.0,1.047,3.012
2026-04-29,WBD,27.05,0.37,-18.99,0.991,0.605,0.63,8.56,1.0,1.061
2026-04-29,SYK,315.13,-1.96,45.49,0.945,1.56,0.63,45.49,0.986,1.56
2026-04-29,ALGN,178.4,0.63,-19.27,0.984,1.357,0.63,101.03,1.096,1.706
2026-04-29,ICE,156.19,-0.07,-29.4,0.97,0.684,0.62,15.85,0.988,1.023
2026-04-29,CPRT,33.33,-0.03,-15.81,1.001,0.699,0.59,16.14,1.02,0.998
2026-04-29,TGT,127.87,0.57,0.81,1.024,0.817,0.57,86.12,1.088,1.203
2026-04-29,WTW,290.11,-0.26,23.2,0.999,1.437,0.56,28.33,1.027,1.437
2026-04-29,LOW,233.5,-2.84,88.36,0.965,1.307,0.55,88.36,1.045,1.307
2026-04-29,CTVA,79.37,0.54,-19.72,0.969,0.611,0.54,11.57,0.974,0.776
2026-04-29,ROP,355.97,0.52,-7.9,0.998,0.959,0.52,38.38,1.028,1.368
2026-04-29,DIS,101.3,-0.17,-15.5,1.002,0.711,0.51,9.2,1.055,0.892
2026-04-29,BF-B,24.87,-10.31,372.63,0.886,2.429,0.51,372.63,1.053,2.429
2026-04-29,J,125.57,-0.7,-44.94,0.987,0.579,0.51,40.55,1.015,1.485
2026-04-29,DOC,15.99,-0.37,-20.65,0.965,0.964,0.49,65.82,0.988,1.236
2026-04-29,NCLH,17.77,-0.11,10.81,0.915,0.919,0.49,34.03,0.98,0.919
2026-04-29,AOS,63.68,-0.36,107.45,0.978,1.793,0.47,107.45,0.997,1.793
2026-04-29,TEL,205.25,0.47,-1.53,0.92,0.952,0.47,100.23,1.103,3.543
2026-04-29,TRMB,66.28,-0.54,-25.11,0.994,0.827,0.46,32.3,1.045,1.068
2026-04-29,NOC,572.41,-0.94,16.02,0.881,0.837,0.44,16.02,0.9,2.181
2026-04-29,HON,210.3,-1.24,16.76,0.932,1.172,0.41,79.39,0.973,2.135
2026-04-29,TAP,42.41,-0.35,15.25,0.97,1.302,0.4,46.66,1.0,1.302
2026-04-29,HLT,314.5,-2.74,13.35,0.97,1.983,0.4,45.93,1.078,1.983
2026-04-29,TPR,141.6,-1.56,-1.33,0.96,1.024,0.4,28.42,1.027,1.532
2026-04-29,MRSH,170.83,0.01,-21.4,0.985,0.559,0.39,79.15,1.031,1.189
2026-04-29,AIG,73.79,-0.5,-51.56,0.965,1.178,0.39,178.28,1.021,2.799
2026-04-29,ZBRA,215.54,-1.69,16.32,0.968,1.161,0.37,20.38,1.09,1.18
2026-04-29,AES,14.45,-0.21,44.32,1.003,1.998,0.35,84.14,1.013,1.998
2026-04-29,NTAP,108.65,0.34,-20.33,1.049,0.714,0.34,48.04,1.099,1.507
2026-04-29,BRO,61.64,-2.38,-23.53,0.928,1.185,0.33,35.93,1.038,1.501
2026-04-29,ROST,225.08,-0.2,57.81,1.007,0.988,0.33,57.81,1.027,0.988
2026-04-29,WAT,292.13,-2.86,18.39,0.927,1.414,0.31,101.86,1.073,1.679
2026-04-29,MAR,353.95,-1.22,0.67,0.994,0.877,0.3,17.93,1.089,1.053
2026-04-29,TJX,156.07,-0.72,21.84,0.978,0.87,0.29,25.24,0.998,0.974
2026-04-29,IFF,68.89,-2.66,-28.42,0.956,0.791,0.28,35.14,1.008,1.091
2026-04-29,AMCR,37.35,-3.09,6.65,0.927,1.145,0.26,42.07,1.018,1.145
2026-04-29,FER,67.58,-0.46,19.44,0.975,1.101,0.25,19.44,1.039,1.283
2026-04-29,CPAY,306.98,-1.47,-32.28,0.982,0.579,0.23,109.37,1.079,1.563
2026-04-29,CHTR,158.65,-8.35,16.68,0.732,1.814,0.22,269.13,1.083,5.325
2026-04-29,HD,322.81,-1.9,-4.39,0.963,1.14,0.19,30.35,1.03,1.192
2026-04-29,DGX,189.32,-2.94,53.08,0.965,1.312,0.18,53.08,1.047,2.518
2026-04-29,LEN,88.71,-3.91,21.81,0.987,0.75,0.15,21.81,1.059,0.9
2026-04-29,HSIC,73.8,-3.05,11.74,0.968,1.239,0.14,41.01,1.047,1.239
2026-04-29,ORLY,91.69,0.13,11.38,0.988,1.119,0.13,27.03,1.017,1.119
2026-04-29,DAL,66.27,-1.41,0.12,0.968,0.654,0.12,11.68,1.035,0.781
2026-04-29,APTV,58.33,-1.34,-29.4,0.967,0.695,0.1,24.82,0.984,0.972
2026-04-29,ULTA,530.23,-1.47,94.54,0.978,1.245,0.09,168.9,1.07,1.61
2026-04-29,EA,202.67,0.07,-25.88,0.998,0.785,0.08,62.95,1.003,1.113
2026-04-29,EMR,136.56,-1.34,61.03,0.974,1.029,0.08,61.03,1.061,1.029
2026-04-29,RVTY,82.26,-3.43,-11.05,0.918,0.97,0.03,145.03,1.054,2.77
2026-04-29,RL,359.45,-2.02,-17.63,0.973,0.563,0.03,18.16,1.075,1.096
2026-04-29,DLR,194.56,-0.01,-34.14,1.01,0.886,0.0,68.69,1.08,2.201
2026-04-29,LMT,509.81,-0.48,-3.58,0.87,0.97,-0.02,42.75,0.934,2.435
2026-04-29,DASH,169.33,-1.54,6.77,1.009,0.935,-0.1,95.75,1.131,1.005
2026-04-29,COO,61.34,-2.77,-2.67,0.893,1.188,-0.12,32.03,0.955,1.349
2026-04-29,LH,257.14,-0.94,31.08,0.96,1.635,-0.14,31.08,1.018,1.635
2026-04-29,AJG,211.81,-0.75,-23.17,0.968,0.603,-0.15,23.43,1.029,0.783
2026-04-29,TSCO,34.77,-2.3,4.32,0.822,1.113,-0.22,21.79,0.883,3.558
2026-04-29,BBY,58.73,-0.64,18.59,0.931,1.031,-0.27,80.95,1.045,1.226
2026-04-29,CSGP,34.14,-5.06,96.2,0.891,2.325,-0.36,96.2,0.982,2.325
2026-04-29,BDX,145.31,-2.82,-6.23,0.939,1.077,-0.47,33.48,1.004,1.267
2026-04-29,DG,114.13,-1.46,15.08,0.946,1.031,-0.73,33.9,1.029,1.031
2026-04-29,GPC,103.28,-2.02,-10.79,0.953,0.463,-0.96,52.91,1.072,1.336
2026-04-29,EPAM,112.91,-1.09,-0.61,0.888,1.103,-1.09,101.46,1.002,1.901
